country,year,iso_code,population,gdp,co2,co2_per_capita,co2_including_luc,co2_per_gdp,coal_co2,gas_co2,oil_co2,cement_co2,land_use_change_co2,land_use_change_co2_per_capita,cumulative_co2,cumulative_luc_co2,total_ghg,total_ghg_excluding_lucf,methane,methane_per_capita,nitrous_oxide,nitrous_oxide_per_capita,primary_energy_consumption,share_global_co2,share_global_luc_co2,temperature_change_from_co2,temperature_change_from_ghg,Forest area (sq. km),Agricultural land (sq. km),Arable land (hectares),global_fossil_total_mtc,global_solid_fuel_mtc,global_liquid_fuel_mtc
India,1850,IND,235732435.0,223302600000.0,,,,,,,,,277.32,1.176,,277.32,372.715,45.396,200.839,0.852,20.668,0.088,,,10.218,,,,,,54,54,
India,1851,IND,236535920.0,224090504000.0,,,,,,,,,213.774,0.904,,491.094,339.2,45.622,201.612,0.852,21.085,0.089,,,7.579,0.0,0.0,,,,54,54,
India,1852,IND,237318415.0,,,,,,,,,,180.308,0.76,,671.403,322.464,45.848,202.385,0.853,21.491,0.091,,,6.181,0.0,0.0,,,,57,57,
India,1853,IND,238079774.0,,,,,,,,,,160.908,0.676,,832.311,315.248,46.074,203.159,0.853,21.88,0.092,,,5.482,0.0,0.0,,,,59,59,
India,1854,IND,238843552.0,,,,,,,,,,147.185,0.616,,979.495,310.721,46.3,203.933,0.854,22.246,0.093,,,4.946,0.0,0.0,,,,70,70,
India,1855,IND,239609756.0,,,,,,,,,,136.086,0.568,,1115.582,306.412,46.525,204.708,0.854,22.582,0.094,,,4.495,0.0,0.001,,,,71,71,0.0
India,1856,IND,240378394.0,,,,,,,,,,128.613,0.535,,1244.195,303.384,46.751,205.484,0.855,22.882,0.095,,,4.225,0.0,0.001,,,,76,76,0.0
India,1857,IND,241149472.0,,,,,,,,,,125.334,0.52,,1369.529,303.243,46.975,206.26,0.855,23.14,0.096,,,4.054,0.0,0.001,,,,77,77,0.0
India,1858,IND,241923000.0,,0.394,0.002,120.039,,0.394,0.0,0.0,,119.645,0.495,0.394,1489.174,301.069,47.669,207.113,0.856,23.349,0.097,,0.138,3.844,0.0,0.001,,,,78,78,0.0
India,1859,IND,242698983.0,,0.636,0.003,115.918,,0.636,0.0,0.0,,115.281,0.475,1.031,1604.455,299.398,48.18,207.937,0.857,23.502,0.097,,0.21,3.653,0.0,0.001,,,,83,83,0.0
India,1860,IND,243477427.0,,0.643,0.003,115.255,,0.643,0.0,0.0,,114.612,0.471,1.674,1719.067,300.258,48.41,208.717,0.857,23.594,0.097,,0.194,3.958,0.0,0.001,,,,91,91,0.0
India,1861,IND,244258342.0,219618560000.0,0.497,0.002,111.724,0.002,0.497,0.0,0.0,,111.227,0.455,2.171,1830.293,299.071,48.457,209.468,0.858,23.647,0.097,,0.142,4.02,0.0,0.001,,,,95,95,0.0
India,1862,IND,245041734.0,,0.55,0.002,108.871,,0.55,0.0,0.0,,108.321,0.442,2.722,1938.614,298.315,48.741,210.258,0.858,23.69,0.097,,0.155,4.023,0.0,0.001,,,,97,97,0.0
India,1863,IND,245827611.0,,0.61,0.002,108.454,,0.61,0.0,0.0,,107.844,0.439,3.332,2046.458,299.521,49.034,211.05,0.859,23.725,0.097,,0.161,4.05,0.0,0.001,,,,104,103,0.0
India,1864,IND,246615984.0,,0.577,0.002,106.649,,0.577,0.0,0.0,,106.072,0.43,3.908,2152.53,299.221,49.217,211.825,0.859,23.756,0.096,,0.141,3.948,0.0,0.001,,,,112,111,0.0
India,1865,IND,247406860.0,,0.567,0.002,105.228,,0.567,0.0,0.0,,104.661,0.423,4.475,2257.191,299.365,49.428,212.604,0.859,23.785,0.096,,0.13,4.013,0.001,0.002,,,,119,118,0.0
India,1866,IND,248200247.0,,0.64,0.003,105.733,,0.64,0.0,0.0,,105.093,0.423,5.115,2362.285,301.103,49.738,213.401,0.86,23.813,0.096,,0.142,4.01,0.001,0.002,,,,122,122,1.0
India,1867,IND,248996154.0,,,,,,,,,,106.54,0.428,,2468.825,302.581,49.2,214.061,0.86,23.845,0.096,,,4.137,0.001,0.002,,,,131,131,1.0
India,1868,IND,249794587.0,,,,,,,,,,103.665,0.415,,2572.49,300.946,49.425,214.845,0.86,23.882,0.096,,,4.044,0.001,0.002,,,,135,134,1.0
India,1869,IND,250501067.0,,,,,,,,,,103.594,0.414,,2676.084,302.26,49.651,215.629,0.861,23.927,0.096,,,4.053,0.001,0.002,,,,143,142,1.0
India,1870,IND,251115205.0,215050000000.0,,,,,,,,,103.51,0.412,,2779.594,304.156,50.859,217.394,0.866,23.982,0.096,,,3.555,0.001,0.002,,,,146,145,1.0
India,1871,IND,251636609.0,,,,,,,,,,102.283,0.406,,2881.877,304.022,50.965,217.755,0.865,24.37,0.097,,,3.413,0.001,0.002,,,,155,154,1.0
India,1872,IND,252064885.0,,,,,,,,,,104.953,0.416,,2986.83,307.411,51.09,218.116,0.865,25.323,0.1,,,3.324,0.001,0.002,,,,172,171,1.0
India,1873,IND,252399639.0,,,,,,,,,,104.165,0.413,,3090.995,308.604,51.227,218.477,0.866,26.71,0.106,,,3.246,0.001,0.002,,,,183,181,2.0
India,1874,IND,252734813.0,,,,,,,,,,104.037,0.412,,3195.032,310.905,51.374,218.838,0.866,28.401,0.112,,,3.142,0.001,0.002,,,,171,170,2.0
India,1875,IND,253070405.0,,,,,,,,,,104.022,0.411,,3299.054,313.131,51.526,219.199,0.866,30.264,0.12,,,3.122,0.001,0.003,,,,186,184,2.0
India,1876,IND,253406417.0,,,,,,,,,,105.06,0.415,,3404.114,316.435,51.68,219.56,0.866,32.169,0.127,,,3.101,0.001,0.003,,,,188,187,2.0
India,1877,IND,253742849.0,,,,,,,,,,103.796,0.409,,3507.91,317.493,51.831,219.921,0.867,33.984,0.134,,,2.986,0.001,0.003,,,,192,190,2.0
India,1878,IND,254079702.0,,1.767,0.007,105.653,,1.767,0.0,0.0,,103.886,0.409,6.882,3611.796,321.624,54.082,220.622,0.868,35.579,0.14,,0.249,2.942,0.001,0.003,,,,194,191,3.0
India,1879,IND,254760858.0,,1.684,0.007,105.399,,1.611,0.0,0.073,,103.715,0.407,8.566,3715.511,322.908,54.105,220.956,0.867,36.823,0.145,,0.222,2.89,0.001,0.003,,,,207,204,3.0
India,1880,IND,255789440.0,,1.887,0.007,109.429,,1.777,0.0,0.11,,107.543,0.42,10.453,3823.054,326.125,54.46,221.35,0.865,37.584,0.147,,0.22,2.968,0.001,0.003,,,,234,230,4.0
India,1881,IND,257168597.0,,1.839,0.007,110.73,,1.74,0.0,0.099,,108.891,0.423,12.292,3931.945,329.289,54.855,223.263,0.868,38.022,0.148,,0.207,3.022,0.001,0.003,,,,242,237,5.0
India,1882,IND,258901501.0,,2.196,0.008,115.262,,1.969,0.0,0.227,,113.066,0.437,14.489,4045.01,334.592,55.71,225.234,0.87,38.391,0.148,,0.234,3.069,0.001,0.003,,,,256,251,5.0
India,1883,IND,260991354.0,,2.441,0.009,114.528,,2.291,0.0,0.15,,112.087,0.429,16.929,4157.098,336.773,56.464,227.217,0.871,38.705,0.148,,0.245,2.994,0.001,0.003,,,,272,267,4.0
India,1884,IND,263098048.0,233500588000.0,2.73,0.01,115.849,0.012,2.433,0.0,0.297,,113.119,0.43,19.659,4270.217,339.994,57.235,229.174,0.871,38.978,0.148,,0.27,3.017,0.001,0.003,,,,275,270,5.0
India,1885,IND,265221721.0,242433816000.0,2.459,0.009,116.144,0.01,2.254,0.0,0.205,,113.685,0.429,22.119,4383.902,342.667,57.378,231.064,0.871,39.223,0.148,,0.242,3.027,0.001,0.004,,,,277,271,5.0
India,1886,IND,267362508.0,236355820000.0,2.772,0.01,117.385,0.012,2.417,0.0,0.355,,114.613,0.429,24.891,4498.516,346.193,58.178,233.028,0.872,39.455,0.148,,0.268,3.056,0.001,0.004,,,,282,274,6.0
India,1887,IND,269520547.0,248702400000.0,3.066,0.011,117.987,0.012,2.722,0.0,0.344,,114.921,0.426,27.957,4613.437,349.253,58.984,235.016,0.872,39.687,0.147,,0.283,3.017,0.001,0.004,,,,296,286,6.0
India,1888,IND,271695977.0,252440820000.0,3.41,0.013,118.649,0.014,2.974,0.0,0.436,,115.24,0.424,31.366,4728.676,352.764,59.834,236.999,0.872,39.934,0.147,,0.284,3.032,0.001,0.004,,,,328,316,7.0
India,1889,IND,273520781.0,247072518000.0,4.022,0.015,119.336,0.016,3.388,0.0,0.634,,115.315,0.422,35.388,4843.991,356.091,60.989,239.017,0.874,40.208,0.147,,0.335,3.007,0.001,0.004,,,,328,317,8.0
India,1890,IND,274991729.0,260331806000.0,4.432,0.016,118.679,0.017,3.776,0.0,0.656,,114.248,0.415,39.82,4958.239,360.333,62.0,241.026,0.876,41.745,0.152,,0.339,2.775,0.001,0.004,,,,357,344,9.0
India,1891,IND,276105563.0,236132730000.0,4.772,0.017,118.59,0.02,4.054,0.0,0.718,,113.818,0.412,44.592,5072.056,361.509,62.53,241.501,0.875,41.866,0.152,,0.348,2.706,0.001,0.004,,,,374,360,11.0
India,1892,IND,276859000.0,255340540000.0,5.247,0.019,117.746,0.021,4.416,0.0,0.831,,112.499,0.406,49.839,5184.556,362.23,63.215,241.995,0.874,41.991,0.152,,0.38,2.69,0.001,0.004,,,,377,363,11.0
India,1893,IND,277248729.0,261684549000.0,5.543,0.02,117.826,0.021,4.459,0.0,1.084,,112.282,0.405,55.382,5296.838,363.289,63.667,242.432,0.874,42.121,0.152,,0.407,2.661,0.001,0.005,,,,372,358,12.0
India,1894,IND,277638978.0,265797360000.0,5.617,0.02,116.989,0.021,4.909,0.0,0.707,,111.373,0.401,60.999,5408.211,363.618,63.953,242.925,0.875,42.256,0.152,,0.398,2.588,0.001,0.005,,,,385,372,11.0
India,1895,IND,278029747.0,259487840000.0,7.035,0.025,119.043,0.027,6.162,0.0,0.872,,112.008,0.403,68.034,5520.219,366.898,65.758,243.591,0.876,42.396,0.152,,0.47,2.611,0.001,0.005,,,,408,393,13.0
India,1896,IND,278421038.0,240159000000.0,7.608,0.027,119.325,0.032,6.703,0.0,0.905,,111.717,0.401,75.641,5631.936,368.131,66.581,244.117,0.877,42.541,0.153,,0.492,2.595,0.001,0.005,,,,421,405,14.0
India,1897,IND,278812851.0,284161116000.0,8.253,0.03,119.86,0.029,7.081,0.0,1.172,,111.607,0.4,83.895,5743.543,370.18,67.455,244.62,0.877,42.69,0.153,,0.51,2.551,0.002,0.005,,,,441,424,15.0
India,1898,IND,279205186.0,284652072000.0,9.125,0.033,121.288,0.032,8.023,0.0,1.102,,112.163,0.402,93.02,5855.706,372.326,68.654,245.221,0.878,42.843,0.153,,0.535,2.554,0.002,0.005,,,,466,447,16.0
India,1899,IND,279838410.0,262708325000.0,10.054,0.036,121.07,0.038,8.871,0.0,1.183,,111.015,0.397,103.074,5966.721,373.631,69.899,245.808,0.878,43.001,0.154,,0.539,2.508,0.002,0.005,,,,508,489,16.0
India,1900,IND,280714154.0,271697500000.0,11.929,0.042,118.66,0.044,10.654,0.0,1.275,,106.731,0.38,115.003,6073.452,375.037,72.272,246.576,0.878,43.162,0.154,,0.608,2.393,0.002,0.006,,,,535,513,18.0
India,1901,IND,281834058.0,277327800000.0,13.179,0.047,117.017,0.048,11.553,0.0,1.627,,103.838,0.368,128.183,6177.29,373.187,73.727,245.603,0.871,43.337,0.154,,0.651,2.265,0.002,0.006,,,,552,528,20.0
India,1902,IND,283199773.0,300672000000.0,14.515,0.051,119.041,0.048,12.925,0.0,1.59,,104.525,0.369,142.698,6281.815,373.723,75.36,244.717,0.864,43.531,0.154,,0.699,2.259,0.002,0.006,,,,566,540,22.0
India,1903,IND,284812956.0,304764400000.0,14.802,0.052,116.541,0.049,12.952,0.0,1.85,,101.739,0.357,157.5,6383.555,373.068,75.693,243.574,0.855,43.738,0.154,,0.654,2.182,0.002,0.006,,,,618,590,23.0
India,1904,IND,286435299.0,306075000000.0,16.561,0.058,117.772,0.054,14.307,0.0,2.253,,101.211,0.353,174.061,6484.765,373.834,77.769,242.699,0.847,43.954,0.153,,0.723,2.121,0.002,0.006,,,,625,593,26.0
India,1905,IND,288066854.0,300632500000.0,16.93,0.059,117.168,0.056,14.659,0.0,2.272,,100.237,0.348,190.991,6585.002,373.443,78.253,241.619,0.839,44.172,0.153,,0.694,2.087,0.002,0.006,,,,666,633,26.0
India,1906,IND,289707671.0,308969700000.0,19.549,0.067,118.45,0.063,17.036,0.0,2.514,,98.901,0.341,210.54,6683.903,374.4,81.382,240.934,0.832,44.389,0.153,,0.767,2.03,0.002,0.006,,,,695,661,27.0
India,1907,IND,291357804.0,290665100000.0,21.772,0.075,119.471,0.075,19.412,0.0,2.36,,97.699,0.335,232.312,6781.602,375.758,84.1,240.236,0.825,44.597,0.153,,0.749,2.005,0.002,0.006,,,,792,752,33.0
India,1908,IND,293017306.0,294816900000.0,24.908,0.085,121.715,0.084,22.237,0.0,2.671,,96.807,0.33,257.22,6878.409,378.03,87.829,239.64,0.818,44.793,0.153,,0.893,1.967,0.002,0.006,,,,761,719,35.0
India,1909,IND,294397607.0,335358000000.0,24.142,0.082,120.096,0.072,20.669,0.0,3.473,,95.954,0.326,281.363,6974.363,376.366,86.833,238.225,0.809,44.97,0.153,,0.83,1.919,0.002,0.007,,,,793,747,37.0
India,1910,IND,295496971.0,335633100000.0,23.487,0.079,122.906,0.07,20.977,0.0,2.51,,99.419,0.336,304.85,7073.782,377.831,86.219,237.088,0.802,45.124,0.153,,0.77,2.072,0.002,0.007,,,,832,783,39.0
India,1911,IND,296313651.0,333713100000.0,24.782,0.084,126.199,0.074,22.144,0.0,2.638,,101.417,0.342,329.632,7175.199,380.905,87.929,237.745,0.802,45.258,0.153,,0.8,2.128,0.002,0.007,,,,845,793,42.0
India,1912,IND,296845891.0,333133200000.0,28.521,0.096,129.278,0.086,25.608,0.0,2.913,,100.757,0.339,358.153,7275.956,385.047,92.467,238.787,0.804,45.38,0.153,,0.877,2.159,0.002,0.007,,,,887,834,43.0
India,1913,IND,297091925.0,325870100000.0,31.466,0.106,132.71,0.097,28.224,0.0,3.243,,101.244,0.341,389.619,7377.2,390.341,96.051,239.671,0.807,45.492,0.153,,0.893,2.191,0.002,0.007,,,,961,901,50.0
India,1914,IND,297338132.0,343520000000.0,31.698,0.107,132.342,0.092,28.671,0.0,3.027,,100.644,0.338,421.317,7477.844,390.55,96.487,240.123,0.808,45.598,0.153,,0.991,2.175,0.002,0.007,,,,872,810,51.0
India,1915,IND,297584511.0,334924200000.0,33.141,0.111,134.976,0.099,29.785,0.0,3.356,,101.835,0.342,454.458,7579.679,393.485,98.274,240.714,0.809,45.7,0.154,,1.053,2.236,0.002,0.007,,,,859,793,54.0
India,1916,IND,297831063.0,344694000000.0,33.517,0.113,134.804,0.097,30.044,0.0,3.473,,101.287,0.34,487.975,7680.966,395.529,98.828,241.141,0.81,45.802,0.154,,0.986,2.23,0.002,0.007,,,,927,855,59.0
India,1917,IND,298077789.0,338632800000.0,35.019,0.117,135.854,0.103,31.714,0.0,3.305,,100.835,0.338,522.994,7781.8,400.53,100.765,241.825,0.811,45.905,0.154,,0.985,2.261,0.002,0.007,,,,970,891,65.0
India,1918,IND,298421342.0,295336800000.0,39.359,0.132,140.148,0.133,36.087,0.0,3.272,,100.79,0.338,562.353,7882.59,404.259,106.06,243.03,0.814,46.013,0.154,,1.123,2.282,0.002,0.007,,,,956,877,67.0
India,1919,IND,299273541.0,335830000000.0,42.974,0.144,144.024,0.128,39.402,0.0,3.572,,101.05,0.338,605.327,7983.64,409.341,110.435,244.039,0.815,46.128,0.154,,1.413,2.304,0.002,0.007,,,,829,742,75.0
India,1920,IND,300639878.0,309267200000.0,34.867,0.116,290.826,0.113,31.277,0.0,3.591,,255.959,0.851,640.194,8239.599,475.91,100.906,242.867,0.808,46.253,0.154,,0.983,5.358,0.003,0.008,,,,967,854,98.0
India,1921,IND,302525896.0,332498600000.0,37.505,0.124,357.897,0.113,33.614,0.0,3.891,,320.392,1.059,677.699,8559.991,514.973,104.459,245.727,0.812,46.398,0.153,,1.204,6.426,0.003,0.008,,,,850,729,108.0
India,1922,IND,304937193.0,346716800000.0,36.903,0.121,394.731,0.106,33.104,0.0,3.799,,357.828,1.173,714.602,8917.819,538.088,104.33,248.148,0.814,46.567,0.153,,1.13,7.076,0.003,0.008,,,,890,756,120.0
India,1923,IND,307879422.0,335552000000.0,37.971,0.123,418.09,0.113,34.23,0.0,3.741,,380.119,1.235,752.573,9297.938,552.183,106.19,250.887,0.815,46.752,0.152,,1.025,7.355,0.003,0.008,,,,1010,859,132.0
India,1924,IND,310850039.0,351853700000.0,40.627,0.131,437.489,0.115,36.879,0.0,3.749,,396.861,1.277,793.201,9694.799,566.635,109.921,253.91,0.817,46.947,0.151,,1.093,7.76,0.003,0.008,,,,1013,861,132.0
India,1925,IND,313849318.0,356048700000.0,40.084,0.128,451.342,0.113,36.399,0.0,3.686,,411.258,1.31,833.285,10106.057,578.029,109.863,256.344,0.817,47.146,0.15,,1.072,7.835,0.003,0.008,,,,1020,860,138.0
India,1926,IND,316877536.0,367478400000.0,39.942,0.126,460.24,0.109,36.567,0.0,3.375,,420.298,1.326,873.227,10526.354,585.488,110.324,258.894,0.817,47.342,0.149,,1.086,7.981,0.003,0.009,,,,1003,841,138.0
India,1927,IND,319934973.0,367200000000.0,41.883,0.131,472.007,0.114,38.454,0.0,3.43,,430.124,1.344,915.11,10956.479,596.64,113.201,261.777,0.818,47.528,0.149,,1.044,8.16,0.003,0.009,,,,1094,918,151.0
India,1928,IND,323021910.0,370912500000.0,40.072,0.124,476.226,0.108,39.256,0.0,0.528,0.289,436.153,1.35,955.182,11392.632,600.923,112.022,264.355,0.818,47.699,0.148,,1.003,8.188,0.004,0.009,,,,1090,902,155.0
India,1929,IND,326429031.0,386396000000.0,41.707,0.128,486.985,0.108,40.781,0.0,0.634,0.293,445.278,1.364,996.89,11837.91,612.009,114.543,267.185,0.819,47.846,0.147,,0.973,8.273,0.004,0.009,,,,1170,961,170.0
India,1930,IND,330163509.0,389214800000.0,42.399,0.128,498.895,0.109,41.45,0.0,0.656,0.293,456.497,1.383,1039.288,12294.406,621.579,115.948,269.84,0.817,47.965,0.145,,1.071,8.394,0.004,0.01,,,,1079,877,164.0
India,1931,IND,334232641.0,386353000000.0,38.85,0.116,499.268,0.101,37.814,0.0,0.736,0.3,460.417,1.378,1078.139,12754.824,622.9,112.535,272.854,0.816,48.068,0.144,,1.098,8.334,0.004,0.01,,,,965,773,158.0
India,1932,IND,338643856.0,390754000000.0,36.129,0.107,499.725,0.092,35.092,0.0,0.733,0.304,463.596,1.369,1114.268,13218.42,626.222,110.131,276.041,0.815,48.172,0.142,,1.132,8.33,0.004,0.01,,,,871,688,152.0
India,1933,IND,343404711.0,391381200000.0,35.467,0.103,504.866,0.091,34.459,0.0,0.689,0.319,469.399,1.367,1149.734,13687.819,636.313,110.196,279.627,0.814,48.278,0.141,,1.055,8.502,0.004,0.01,,,,917,720,166.0
India,1934,IND,348232496.0,395071600000.0,39.61,0.114,511.169,0.1,38.411,0.0,0.81,0.39,471.558,1.354,1189.345,14159.377,645.964,115.949,284.089,0.816,48.388,0.139,,1.083,8.459,0.004,0.011,,,,997,786,176.0
India,1935,IND,353128154.0,390890400000.0,41.393,0.117,515.303,0.106,40.081,0.0,0.857,0.454,473.911,1.342,1230.737,14633.289,653.554,118.912,288.116,0.816,48.501,0.137,,1.079,8.599,0.004,0.011,,,,1046,818,189.0
India,1936,IND,358092638.0,406292700000.0,40.684,0.114,517.953,0.1,39.375,0.0,0.81,0.499,477.269,1.333,1271.421,15110.558,660.826,118.936,293.403,0.819,48.617,0.136,,0.967,8.455,0.005,0.011,,,,1148,897,205.0
India,1937,IND,363126915.0,399830200000.0,45.067,0.124,526.926,0.113,43.598,0.0,0.887,0.581,481.86,1.327,1316.488,15592.417,674.77,125.002,299.684,0.825,48.738,0.134,,1.002,8.565,0.005,0.012,,,,1226,945,231.0
India,1938,IND,368231967.0,400546500000.0,50.379,0.137,533.163,0.126,49.357,0.0,1.022,0.0,482.784,1.311,1366.867,16075.201,687.985,132.289,306.301,0.832,48.864,0.133,,1.191,8.521,0.005,0.012,,,,1154,881,224.0
India,1939,IND,371781679.0,409623600000.0,49.311,0.133,535.614,0.12,48.359,0.0,0.953,0.0,486.302,1.308,1416.178,16561.504,694.298,131.901,311.669,0.838,48.995,0.132,,1.103,8.629,0.005,0.012,,,,1219,937,233.0
India,1940,IND,373766276.0,422772400000.0,52.309,0.14,543.609,0.124,51.176,0.0,1.132,0.0,491.3,1.314,1468.487,17052.805,706.513,136.315,317.822,0.85,49.133,0.131,,1.071,8.554,0.005,0.013,,,,1332,1035,246.0
India,1941,IND,374175756.0,431261700000.0,53.58,0.143,549.157,0.124,51.309,0.0,1.187,1.084,495.576,1.324,1522.067,17548.381,713.381,138.457,322.5,0.862,49.413,0.132,,1.072,8.412,0.005,0.013,,,,1363,1060,249.0
India,1942,IND,372999886.0,428796600000.0,53.529,0.144,551.131,0.125,51.253,0.0,1.143,1.133,497.603,1.334,1575.595,18045.982,721.478,139.279,327.172,0.877,49.939,0.134,,1.074,8.426,0.006,0.013,,,,1359,1067,236.0
India,1943,IND,370228201.0,446201700000.0,46.644,0.126,546.931,0.105,44.427,0.0,1.121,1.095,500.287,1.351,1622.239,18546.27,721.589,132.009,330.585,0.893,50.655,0.137,,0.919,8.488,0.006,0.014,,,,1384,1071,253.0
India,1944,IND,367477113.0,441698400000.0,47.695,0.13,554.043,0.108,45.498,0.0,1.14,1.058,506.348,1.378,1669.934,19052.617,733.396,134.215,335.544,0.913,51.508,0.14,,0.924,8.691,0.006,0.014,,,,1408,1055,291.0
India,1945,IND,364746467.0,434203200000.0,52.873,0.145,557.169,0.122,50.792,0.0,0.971,1.11,504.296,1.383,1722.808,19556.914,744.64,140.607,340.578,0.934,52.445,0.144,,1.233,8.601,0.006,0.015,,,,1170,818,285.0
India,1946,IND,362036112.0,411463200000.0,52.224,0.144,558.43,0.127,50.321,0.0,0.898,1.005,506.206,1.398,1775.032,20063.121,749.585,140.082,344.546,0.952,53.412,0.148,,1.133,8.686,0.006,0.015,,,,1257,883,302.0
India,1947,IND,359345897.0,340810000000.0,53.179,0.148,563.719,0.156,51.667,0.0,0.762,0.75,510.539,1.421,1828.211,20573.658,753.66,135.567,342.952,0.954,54.354,0.151,,1.03,8.836,0.006,0.015,,,,1409,988,340.0
India,1948,IND,356675672.0,344050000000.0,53.203,0.149,562.684,0.155,51.627,0.0,0.769,0.806,509.481,1.428,1881.414,21083.141,758.909,135.789,347.066,0.973,55.218,0.155,,0.977,8.9,0.006,0.016,,,,1486,1020,374.0
India,1949,IND,355893489.0,353225000000.0,56.187,0.158,565.456,0.159,54.322,0.0,0.777,1.088,509.27,1.431,1937.601,21592.41,768.802,139.544,351.8,0.988,55.95,0.157,,1.08,8.961,0.007,0.016,,,,1419,967,353.0
India,1950,IND,346278818.0,354333000000.0,60.943,0.176,696.349,0.172,52.4,,7.189,1.354,635.406,1.835,1998.544,22227.816,837.249,144.396,355.916,1.028,56.496,0.163,,1.028,9.549,0.007,0.017,,,,1617,1058,423.0
India,1951,IND,353870058.0,362445000000.0,63.806,0.18,739.562,0.176,54.296,,7.852,1.658,675.757,1.91,2062.35,22903.572,870.604,148.214,363.078,1.026,56.964,0.161,,1.0,9.389,0.007,0.017,,,,1740,1114,469.0
India,1952,IND,361874906.0,373116000000.0,67.249,0.186,768.911,0.18,57.853,,7.562,1.834,701.661,1.939,2129.599,23605.234,895.786,152.988,370.932,1.025,57.486,0.159,,1.04,9.676,0.007,0.017,,,,1764,1099,496.0
India,1953,IND,370104570.0,396813000000.0,68.608,0.185,785.623,0.173,58.97,,7.68,1.958,717.015,1.937,2198.207,24322.248,912.314,155.254,378.66,1.023,58.053,0.157,,1.032,9.711,0.007,0.018,,,,1814,1108,529.0
India,1954,IND,378687141.0,413406000000.0,72.307,0.191,804.328,0.175,60.485,,9.541,2.281,732.021,1.933,2270.513,25054.271,934.075,160.075,386.887,1.022,58.653,0.155,,1.065,9.377,0.008,0.018,,,,1852,1106,560.0
India,1955,IND,387700892.0,423654000000.0,78.694,0.203,817.186,0.186,63.618,,12.751,2.326,738.492,1.905,2349.207,25792.762,955.255,167.989,395.799,1.021,59.275,0.153,,1.057,9.238,0.008,0.019,,,,2030,1196,627.0
India,1956,IND,396988905.0,447917000000.0,81.619,0.206,830.757,0.182,65.119,,13.945,2.554,749.138,1.887,2430.826,26541.902,976.05,172.087,404.641,1.019,59.908,0.151,,1.03,9.294,0.008,0.019,,,,2162,1257,682.0
India,1957,IND,406253895.0,443356000000.0,91.618,0.226,848.053,0.207,72.821,,15.894,2.903,756.436,1.862,2522.444,27298.336,1000.039,184.516,415.037,1.022,60.541,0.149,,1.119,9.136,0.008,0.02,,,,2233,1280,712.0
India,1958,IND,415777436.0,476938000000.0,95.801,0.23,862.853,0.201,75.804,,16.843,3.154,767.052,1.845,2618.245,28065.389,1019.531,190.228,424.847,1.022,61.164,0.147,,1.138,9.34,0.009,0.021,,,,2296,1299,742.0
India,1959,IND,425780669.0,486918000000.0,101.436,0.238,874.842,0.208,79.513,,18.386,3.537,773.406,1.816,2719.681,28838.795,1043.473,197.493,435.099,1.022,61.764,0.145,,1.146,8.897,0.009,0.021,,,,2415,1351,790.0
India,1960,IND,435990342.0,520800000000.0,111.32,0.255,581.361,0.214,87.873,,19.445,4.002,470.041,1.078,2831.001,29308.836,916.659,209.872,446.585,1.024,62.331,0.143,,1.186,6.176,0.009,0.022,,,,2560,1407,851.0
India,1961,IND,446564731.0,536352000000.0,120.399,0.27,781.84,0.224,94.88,0.004,21.31,4.205,661.441,1.481,2951.4,29970.275,1027.631,221.377,450.434,1.009,66.259,0.148,,1.279,8.669,0.009,0.022,,1749520.0,155806000.0,2568,1348,902.0
India,1962,IND,457283091.0,548432000000.0,132.58,0.29,524.893,0.242,103.258,0.011,24.886,4.381,392.313,0.858,3083.98,30362.59,911.533,236.423,453.018,0.991,66.704,0.146,,1.36,5.496,0.009,0.023,,1764820.0,156700000.0,2658,1344,970.0
India,1963,IND,468138576.0,576288000000.0,142.439,0.304,493.801,0.247,110.415,0.011,27.106,4.771,351.362,0.751,3226.419,30713.953,899.994,248.868,454.7,0.971,67.299,0.144,,1.387,5.053,0.01,0.023,,1761540.0,157470000.0,2800,1393,1037.0
India,1964,IND,479229599.0,620466000000.0,139.483,0.291,485.777,0.225,105.92,0.022,28.121,4.944,346.294,0.723,3365.902,31060.244,899.837,246.171,458.401,0.957,69.102,0.144,,1.289,5.2,0.01,0.024,,1767120.0,157732000.0,2952,1422,1119.0
India,1965,IND,490140142.0,596065000000.0,153.697,0.314,473.982,0.258,116.452,0.282,30.814,5.398,320.286,0.653,3519.599,31380.531,901.795,263.793,458.503,0.935,68.946,0.141,619.451,1.359,5.016,0.01,0.024,,1771770.0,158216000.0,3085,1442,1203.0
India,1966,IND,500740250.0,601425000000.0,159.371,0.318,561.75,0.265,116.982,0.311,35.676,5.57,402.378,0.804,3678.97,31782.91,960.743,271.02,465.344,0.929,71.735,0.143,638.414,1.343,6.8,0.01,0.025,,1775300.0,158590000.0,3235,1459,1298.0
India,1967,IND,511606377.0,650716000000.0,159.557,0.312,571.822,0.245,119.096,0.487,32.698,5.821,412.265,0.806,3838.528,32195.174,974.096,272.544,469.073,0.917,74.474,0.146,658.434,1.304,6.596,0.01,0.025,,1778070.0,159780000.0,3337,1435,1384.0
India,1968,IND,522716893.0,668220000000.0,174.071,0.333,437.837,0.26,123.826,0.751,42.25,5.872,263.766,0.505,4012.598,32458.939,923.717,289.916,475.924,0.91,76.965,0.147,703.985,1.349,4.169,0.011,0.026,,1783640.0,160069000.0,3520,1451,1508.0
India,1969,IND,533880545.0,712563000000.0,177.411,0.332,486.366,0.249,123.367,0.997,45.349,6.438,308.955,0.579,4190.009,32767.895,951.629,294.57,480.861,0.901,78.891,0.148,780.436,1.289,4.451,0.011,0.026,,1777920.0,159976000.0,3753,1505,1630.0
India,1970,IND,545864271.0,748744000000.0,181.724,0.333,378.055,0.243,123.551,0.923,49.333,6.495,196.331,0.36,4371.733,32964.227,904.872,303.439,485.106,0.889,80.102,0.147,763.741,1.22,2.935,0.011,0.027,,1780520.0,160560000.0,4063,1554,1854.0
India,1971,IND,558096385.0,755656000000.0,191.965,0.344,429.567,0.254,126.968,1.085,55.443,7.052,237.602,0.426,4563.698,33201.828,947.719,314.446,489.603,0.877,82.297,0.147,794.386,1.238,3.87,0.011,0.027,,1778170.0,159756000.0,4228,1555,1964.0
India,1972,IND,570482138.0,753543000000.0,203.037,0.356,589.247,0.269,134.378,1.205,58.878,7.363,386.21,0.677,4766.735,33588.039,1036.977,329.627,492.404,0.863,84.267,0.148,835.859,1.251,5.999,0.011,0.028,,1779460.0,160186000.0,4425,1552,2118.0
India,1973,IND,583465599.0,788800000000.0,209.096,0.358,551.571,0.265,137.81,1.169,61.749,6.921,342.475,0.587,4975.831,33930.516,1033.436,338.05,498.005,0.854,86.227,0.148,853.324,1.224,5.476,0.011,0.028,,1787510.0,161044000.0,4657,1598,2242.0
India,1974,IND,597041391.0,796992000000.0,215.854,0.362,522.45,0.271,145.64,1.359,60.628,6.501,306.596,0.514,5191.685,34237.109,1028.272,349.02,503.741,0.844,86.104,0.144,903.988,1.27,4.857,0.012,0.029,,1792820.0,161501000.0,4636,1598,2209.0
India,1975,IND,611309536.0,868010000000.0,234.21,0.383,477.742,0.27,161.339,1.733,61.838,7.288,243.533,0.398,5425.895,34480.645,1035.697,373.175,515.051,0.843,94.435,0.154,972.011,1.379,3.977,0.012,0.029,,1796940.0,161838000.0,4633,1641,2183.0
India,1976,IND,625861887.0,878540000000.0,244.75,0.391,438.824,0.279,168.921,2.294,63.438,8.279,194.074,0.31,5670.645,34674.715,1022.088,386.139,517.864,0.827,93.849,0.15,1019.454,1.37,3.202,0.012,0.03,,1796490.0,162057000.0,4872,1698,2312.0
India,1977,IND,640801106.0,947196000000.0,258.962,0.404,662.515,0.273,177.511,2.48,68.556,8.322,403.553,0.63,5929.606,35078.27,1154.972,401.847,527.295,0.823,98.022,0.153,1078.32,1.411,6.096,0.012,0.03,,1795910.0,162059000.0,5007,1739,2391.0
India,1978,IND,655728226.0,997920000000.0,263.15,0.401,531.022,0.264,174.689,2.741,75.317,8.421,267.872,0.409,6192.757,35346.141,1107.327,407.441,533.68,0.814,102.438,0.156,1120.973,1.383,4.081,0.012,0.031,,1805920.0,163239000.0,5189,1775,2491.0
India,1979,IND,671155746.0,947528000000.0,276.285,0.412,463.032,0.292,180.623,3.03,82.664,7.752,186.747,0.278,6469.042,35532.891,1084.193,423.042,538.597,0.802,104.458,0.156,1182.959,1.416,3.189,0.013,0.031,,1805800.0,163444000.0,5321,1855,2516.0
India,1980,IND,687354029.0,1015105000000.0,291.714,0.424,492.45,0.287,197.34,2.488,83.176,7.545,200.736,0.292,6760.756,35733.625,1116.052,441.702,549.422,0.799,106.621,0.155,1218.599,1.503,3.345,0.013,0.032,,1802720.0,162854000.0,5294,1905,2431.0
India,1981,IND,703696251.0,1077444000000.0,314.969,0.448,550.137,0.292,210.308,2.884,89.713,8.888,235.168,0.334,7075.725,35968.793,1180.15,473.408,563.146,0.8,111.978,0.159,1349.285,1.668,4.029,0.013,0.033,,1804010.0,162912000.0,5149,1894,2314.0
India,1982,IND,720313473.0,1111560000000.0,325.383,0.452,484.772,0.293,213.126,4.36,94.407,9.676,159.389,0.221,7401.108,36128.184,1157.605,487.8,567.532,0.788,112.848,0.157,1336.049,1.737,2.881,0.013,0.033,,1807710.0,163246000.0,5108,1927,2257.0
India,1983,IND,737372683.0,1202349000000.0,352.205,0.478,688.35,0.293,232.525,5.243,99.17,10.951,336.145,0.456,7753.313,36464.328,1299.55,520.873,587.0,0.796,120.202,0.163,1405.05,1.863,5.756,0.014,0.034,,1804620.0,162732000.0,5155,1983,2240.0
India,1984,IND,754875449.0,1248910000000.0,361.569,0.479,566.465,0.29,231.501,6.17,106.106,12.593,204.896,0.271,8114.882,36669.223,1259.243,535.071,596.245,0.79,125.762,0.167,1500.919,1.858,3.189,0.014,0.034,,1814520.0,163618000.0,5307,2069,2247.0
India,1985,IND,772647800.0,1298600000000.0,397.601,0.515,569.399,0.306,253.298,7.2,116.76,14.39,171.798,0.222,8512.483,36841.02,1287.643,574.484,603.272,0.781,128.445,0.166,1584.263,1.974,2.531,0.014,0.035,,1813400.0,163540000.0,5494,2221,2249.0
India,1986,IND,790689977.0,1353105000000.0,426.318,0.539,639.579,0.315,273.18,10.31,121.857,16.006,213.261,0.27,8938.801,37054.285,1362.668,617.684,622.089,0.787,134.928,0.171,1695.591,2.086,3.071,0.014,0.036,,1811920.0,163409000.0,5574,2253,2316.0
India,1987,IND,808931268.0,1412884000000.0,455.355,0.563,599.055,0.322,291.868,12.776,127.671,16.412,143.7,0.178,9394.155,37197.984,1354.345,656.67,625.961,0.774,131.214,0.162,1802.854,2.157,2.211,0.015,0.036,,1815430.0,163205000.0,5756,2332,2340.0
India,1988,IND,827342994.0,1560090000000.0,491.7,0.594,731.148,0.315,317.181,15.205,133.614,18.229,239.447,0.289,9885.855,37437.426,1474.339,706.886,651.716,0.788,142.239,0.172,1962.302,2.243,3.889,0.015,0.037,,1810910.0,162868000.0,5978,2410,2424.0
India,1989,IND,846039528.0,1663728000000.0,540.662,0.639,723.039,0.325,339.636,18.518,150.714,20.791,182.377,0.216,10426.518,37619.805,1514.593,766.843,666.683,0.788,144.925,0.171,2143.414,2.435,3.049,0.015,0.038,,1815010.0,163476000.0,6055,2408,2465.0
India,1990,IND,864972221.0,1750993000000.0,577.987,0.668,763.268,0.33,366.504,21.097,158.167,22.348,185.282,0.214,11004.504,37805.09,1526.914,768.946,636.163,0.735,147.914,0.171,2300.701,2.543,3.179,0.016,0.039,639380.0,1814130.0,163459000.0,6200,2362,2508.0
India,1991,IND,883927605.0,1768493598375.0,615.388,0.696,764.377,0.348,393.066,23.563,166.423,24.503,148.989,0.169,11619.894,37954.078,1561.427,811.302,643.841,0.728,152.574,0.173,2427.663,2.652,2.605,0.016,0.04,643033.0,1815860.0,163182000.0,6329,2338,2634.0
India,1992,IND,902957075.0,1851711465033.0,655.424,0.726,839.244,0.354,411.39,27.257,188.056,25.156,183.82,0.204,12275.316,38137.898,1632.941,854.531,649.039,0.719,156.969,0.174,2552.772,2.91,3.08,0.016,0.04,646686.0,1813050.0,162706000.0,6142,2280,2497.0
India,1993,IND,922118380.0,1944353884791.0,677.262,0.734,825.363,0.348,433.085,26.996,186.878,26.602,148.101,0.161,12952.578,38286.0,1638.294,872.375,647.945,0.703,160.823,0.174,2616.248,2.977,2.583,0.017,0.041,650339.0,1813820.0,162586000.0,6205,2310,2502.0
India,1994,IND,941163772.0,2055026658036.0,714.043,0.759,844.836,0.347,455.699,28.997,198.955,28.54,130.793,0.139,13666.621,38416.793,1675.792,912.834,653.566,0.694,166.668,0.177,2757.121,3.108,1.961,0.017,0.042,653992.0,1812910.0,162525000.0,6266,2322,2508.0
India,1995,IND,960301046.0,2189535837458.0,760.48,0.792,865.059,0.347,471.741,39.051,216.281,31.104,104.579,0.109,14427.102,38521.371,1712.603,966.838,661.917,0.689,170.235,0.177,2963.118,3.234,1.666,0.017,0.043,657645.0,1809450.0,161911000.0,6414,2389,2532.0
India,1996,IND,979678460.0,2345228680352.0,823.602,0.841,1004.1,0.351,504.479,39.747,243.161,34.079,180.498,0.184,15250.703,38701.867,1817.629,1034.173,668.736,0.683,175.108,0.179,3081.631,3.399,2.759,0.018,0.044,661298.0,1805890.0,161025000.0,6609,2448,2608.0
India,1997,IND,999133764.0,2426804815330.0,857.976,0.859,975.465,0.354,527.685,46.024,244.203,37.418,117.489,0.118,16108.679,38819.355,1831.317,1075.385,676.001,0.677,179.75,0.18,3252.01,3.519,1.465,0.018,0.045,664951.0,1809810.0,161601000.0,6649,2435,2646.0
India,1998,IND,1018665080.0,2567853125008.0,875.783,0.86,994.966,0.341,524.136,47.595,262.892,39.026,119.182,0.117,16984.463,38938.539,1855.813,1093.294,679.577,0.667,183.609,0.18,3449.497,3.605,1.755,0.019,0.046,668604.0,1808740.0,161409000.0,6626,2370,2679.0
India,1999,IND,1038225822.0,2710353015518.0,961.194,0.926,1057.837,0.355,560.465,52.619,301.469,44.592,96.643,0.093,17945.658,39035.184,1939.573,1183.08,684.029,0.659,187.064,0.18,3546.363,3.87,1.473,0.019,0.047,672257.0,1810210.0,160975000.0,6774,2402,2745.0
India,2000,IND,1057922731.0,2804478499774.0,987.065,0.933,1191.022,0.352,572.903,52.791,313.441,45.957,203.957,0.193,18932.721,39239.141,2005.885,1212.075,685.316,0.648,183.787,0.174,3725.401,3.869,3.319,0.02,0.047,675910.0,1809750.0,160930000.0,6958,2497,2785.0
India,2001,IND,1077898579.0,2940745466088.0,1001.198,0.929,1161.141,0.34,582.111,53.128,317.363,46.74,159.942,0.148,19933.92,39399.082,2000.273,1228.616,689.962,0.64,186.588,0.173,3740.874,3.897,2.929,0.02,0.048,677815.0,1804870.0,160325000.0,7007,2511,2805.0
India,2002,IND,1097600380.0,3024984520809.0,1032.75,0.941,1135.788,0.341,598.539,57.609,325.889,49.111,103.038,0.094,20966.67,39502.117,1994.045,1263.51,683.408,0.623,180.288,0.164,3870.809,3.932,1.691,0.021,0.049,679720.0,1805600.0,160432000.0,7163,2626,2801.0
India,2003,IND,1116803000.0,3251114494190.0,1068.398,0.957,1197.958,0.329,625.833,58.565,331.333,50.88,129.56,0.116,22035.068,39631.68,2059.556,1305.699,695.315,0.623,186.553,0.167,4008.71,3.864,1.77,0.021,0.05,681625.0,1802490.0,159799000.0,7542,2855,2875.0
India,2004,IND,1135991509.0,3495022816540.0,1134.611,0.999,1226.742,0.325,669.993,58.316,348.992,55.545,92.131,0.081,23169.68,39723.812,2129.202,1378.99,705.392,0.621,193.083,0.17,4352.651,3.966,1.43,0.022,0.051,683530.0,1803750.0,159681000.0,7803,2949,2979.0
India,2005,IND,1154676321.0,3752627653422.0,1195.393,1.035,1260.411,0.319,721.496,59.357,353.15,59.687,65.017,0.056,24365.072,39788.828,2205.413,1445.262,721.894,0.625,201.701,0.175,4608.417,4.039,1.096,0.022,0.052,685435.0,1801260.0,159444000.0,8072,3136,3008.0
India,2006,IND,1172878888.0,4069856052453.0,1293.321,1.103,1353.412,0.318,773.551,82.58,370.544,64.905,60.091,0.051,25658.395,39848.918,2324.594,1549.979,733.283,0.625,211.708,0.181,4854.867,4.227,0.996,0.023,0.053,687340.0,1799060.0,158662000.0,8344,3310,3039.0
India,2007,IND,1190676028.0,4403215224414.0,1393.485,1.17,1510.536,0.316,842.536,87.956,392.818,68.333,117.051,0.098,27051.879,39965.969,2485.674,1660.112,749.827,0.63,222.493,0.187,5268.96,4.424,2.093,0.024,0.054,689245.0,1796200.0,158022000.0,8591,3470,3050.0
India,2008,IND,1207930960.0,4649548164533.0,1490.366,1.234,1669.693,0.321,910.753,90.277,414.204,73.245,179.327,0.148,28542.244,40145.297,2641.331,1768.282,764.115,0.633,227.304,0.188,5576.529,4.65,3.013,0.024,0.055,691150.0,1797570.0,157995000.0,8741,3586,3039.0
India,2009,IND,1225524764.0,4993478894185.0,1613.328,1.316,1725.534,0.323,983.947,112.463,433.771,81.268,112.206,0.092,30155.572,40257.504,2738.05,1903.149,762.322,0.622,233.941,0.191,5988.39,5.12,1.717,0.025,0.057,693055.0,1800680.0,157924000.0,8594,3546,2973.0
India,2010,IND,1243481565.0,5361371354007.0,1678.53,1.35,1829.901,0.313,1015.983,134.121,440.692,86.029,151.371,0.122,31834.104,40408.875,2848.131,1973.835,769.342,0.619,242.128,0.195,6247.89,5.038,2.322,0.026,0.058,694960.0,1795730.0,157009000.0,9087,3796,3069.0
India,2011,IND,1261224956.0,5720692888000.0,1765.695,1.4,1895.794,0.309,1074.385,135.977,461.37,91.314,130.099,0.103,33599.797,40538.973,2950.343,2072.287,781.037,0.619,251.811,0.2,6587.01,5.121,2.035,0.027,0.059,697624.0,1796700.0,156979000.0,9404,4010,3085.0
India,2012,IND,1278674501.0,6052427493607.0,1926.986,1.507,2117.962,0.318,1206.452,125.558,491.148,100.237,190.976,0.149,35526.781,40729.949,3164.01,2245.158,783.911,0.613,254.287,0.199,6937.768,5.513,2.858,0.028,0.061,700288.0,1796420.0,156546000.0,9533,4055,3118.0
India,2013,IND,1295829507.0,6424470752490.0,1995.337,1.54,2256.901,0.311,1276.383,109.554,498.314,107.82,261.564,0.202,37522.121,40991.516,3124.772,2286.255,758.221,0.585,255.623,0.197,7163.062,5.656,4.139,0.029,0.062,702952.0,1796980.0,156442000.0,9621,4078,3141.0
India,2014,IND,1312277184.0,6875186158349.0,2148.052,1.637,2276.748,0.312,1407.057,107.801,513.84,115.825,128.696,0.098,39670.172,41120.211,3216.867,2449.302,765.858,0.584,259.789,0.198,7652.732,6.057,2.008,0.03,0.063,705616.0,1797280.0,156463000.0,9672,4095,3153.0
India,2015,IND,1328024494.0,7391521519812.0,2231.817,1.681,2408.592,0.302,1449.587,103.062,557.523,117.508,176.774,0.133,41901.988,41296.98,3290.423,2539.29,773.451,0.582,263.334,0.198,7892.49,6.304,2.714,0.031,0.065,708280.0,1796750.0,156413000.0,9656,3997,3210.0
India,2016,IND,1343944296.0,8057465593010.0,2352.54,1.75,2522.288,0.292,1499.401,109.989,616.112,123.281,169.747,0.126,44254.531,41466.734,3365.011,2663.638,781.626,0.582,262.254,0.195,8262.856,6.647,3.157,0.032,0.066,710940.0,1795780.0,156317000.0,9653,3906,3246.0
India,2017,IND,1359657398.0,8550029645172.0,2425.722,1.784,2537.583,0.284,1551.256,116.479,634.116,121.047,111.862,0.082,46680.254,41578.594,3415.989,2741.299,786.601,0.579,267.236,0.197,8571.671,6.743,2.108,0.033,0.068,713610.0,1792360.0,155895000.0,9811,3953,3296.0
India,2018,IND,1374659067.0,9173201683791.0,2595.227,1.888,2744.969,0.283,1668.318,126.74,658.715,138.965,149.742,0.109,49275.477,41728.336,3616.201,2923.173,800.125,0.582,275.219,0.2,9063.36,7.065,3.067,0.034,0.069,716270.0,1791160.0,155478000.0,10018,4026,3312.0
India,2019,IND,1389030307.0,9595463242427.0,2611.175,1.88,2706.537,0.272,1661.94,125.233,677.884,143.664,95.363,0.069,51886.652,41823.699,3613.001,2937.495,800.179,0.576,282.638,0.203,9281.595,7.041,1.951,0.035,0.071,718940.0,1790450.0,155369000.0,10115,4010,3362.0
India,2020,IND,1402617694.0,8945313249462.0,2422.732,1.727,2502.404,0.271,1561.799,127.684,607.535,122.908,79.672,0.057,54309.387,41903.371,3436.429,2742.09,807.835,0.576,289.398,0.206,8792.22,6.891,1.764,0.036,0.073,721600.0,1785280.0,154422600.0,9589,3891,2982.0
India,2021,IND,1414203896.0,9801621018003.0,2675.778,1.892,2738.219,0.273,1767.297,133.192,623.485,149.033,62.441,0.044,56985.164,41965.809,3697.615,3013.546,821.053,0.581,290.389,0.205,9544.969,7.258,1.341,0.037,0.074,724260.0,1785423.333,154163966.7,10055,4083,3140.0
India,2022,IND,1425423209.0,10476248645535.0,2831.132,1.986,2871.055,0.27,1855.854,124.009,684.014,164.331,39.923,0.028,59816.297,42005.734,3869.995,3185.276,835.674,0.586,298.332,0.209,10059.478,7.544,0.834,0.039,0.076,726930.0,1785566.667,154027533.3,10235,4213,3250.0
India,2023,IND,1438069597.0,,3062.756,2.13,3084.633,,2032.048,132.42,718.183,177.239,21.876,0.015,62879.051,42027.609,4121.424,3431.968,847.637,0.589,305.944,0.213,10827.859,8.04,0.461,0.04,0.078,729592.0,1785710.0,153868700.0,10389,4264,3349.0
India,2024,IND,1450935785.0,,3193.478,2.201,3201.024,,2108.033,149.352,747.333,185.97,7.546,0.005,66072.531,42035.156,4262.411,3571.002,859.294,0.592,310.004,0.214,11336.057,8.274,0.165,0.041,0.08,,,,10527,4311,3401.0
